0,Burlington  United States,NA,-5,44.465,-73.205,41,"Data Version: 3.6 / Type: Typical Year / LatLon Resolution: 0.010 / Time Resolution: 60 minutes / Averaging Method: End of Period / TD: No / Copyright 2010-2022 Clean Power Research®, L.L.C. DownloadID=9a0a90e9-cb05-44f6-892c-a1506e8a1185"
ObservationTime(LST),Global Horizontal Irradiance (GHI) W/m2,Direct Normal Irradiance (DNI) W/m2,AmbientTemperature (deg C),WindSpeed (m/s),Relative Humidity (%),Liquid Precipitation (kg/m2),Solid Precipitation (kg/m2),Snow Depth (m),Clear Sky GHI,Clear Sky DNI,Clear Sky DHI,IrradianceObservationType,LeadTime,DataVersion,ObservationTime(GMT),Diffuse Horizontal Irradiance (DIF) W/m2,AmbientTemperatureObservationType,WindSpeedObservationType,Albedo,Particulate Matter 10 (µg/m3),Particulate Matter 2.5 (µg/m3)
01/01/2000 01:00,0,0,-6,,,,,,,,,AN,,SolarAnywhereTGY2021,01/01/2000 06:00,0,O,O,,,
01/01/2000 02:00,0,0,-5,,,,,,,,,AN,,SolarAnywhereTGY2021,01/01/2000 07:00,0,O,O,,,
01/01/2000 03:00,0,0,-5,,,,,,,,,AN,,SolarAnywhereTGY2021,01/01/2000 08:00,0,O,O,,,
01/01/2000 04:00,0,0,-5,,,,,,,,,AN,,SolarAnywhereTGY2021,01/01/2000 09:00,0,O,O,,,
01/01/2000 05:00,0,0,-5,,,,,,,,,AN,,SolarAnywhereTGY2021,01/01/2000 10:00,0,O,O,,,
01/01/2000 06:00,0,0,-4,,,,,,,,,AN,,SolarAnywhereTGY2021,01/01/2000 11:00,0,O,O,,,
01/01/2000 07:00,0,0,-4,,,,,,,,,AN,,SolarAnywhereTGY2021,01/01/2000 12:00,0,O,O,,,
01/01/2000 08:00,3,1,-3,,,,,,,,,AD,,SolarAnywhereTGY2021,01/01/2000 13:00,3,O,O,,,
01/01/2000 09:00,50,24,-3,,,,,,,,,AD,,SolarAnywhereTGY2021,01/01/2000 14:00,47,O,O,,,
01/01/2000 10:00,171,245,-2,,,,,,,,,AD,,SolarAnywhereTGY2021,01/01/2000 15:00,109,O,O,,,
01/01/2000 11:00,234,237,-2,,,,,,,,,AD,,SolarAnywhereTGY2021,01/01/2000 16:00,154,O,O,,,
01/01/2000 12:00,220,168,-2,,,,,,,,,AD,,SolarAnywhereTGY2021,01/01/2000 17:00,156,O,O,,,
01/01/2000 13:00,202,107,1,,,,,,,,,AD,,SolarAnywhereTGY2021,01/01/2000 18:00,162,O,O,,,
01/01/2000 14:00,122,41,1,,,,,,,,,AD,,SolarAnywhereTGY2021,01/01/2000 19:00,108,O,O,,,
01/01/2000 15:00,141,165,1,,,,,,,,,AD,,SolarAnywhereTGY2021,01/01/2000 20:00,101,O,O,,,
01/01/2000 16:00,65,101,3,,,,,,,,,AD,,SolarAnywhereTGY2021,01/01/2000 21:00,53,O,O,,,
01/01/2000 17:00,2,1,4,,,,,,,,,AD,,SolarAnywhereTGY2021,01/01/2000 22:00,2,O,O,,,
01/01/2000 18:00,0,0,2,,,,,,,,,AN,,SolarAnywhereTGY2021,01/01/2000 23:00,0,O,O,,,
01/01/2000 19:00,0,0,2,,,,,,,,,AN,,SolarAnywhereTGY2021,01/02/2000 00:00,0,O,O,,,
01/01/2000 20:00,0,0,2,,,,,,,,,AN,,SolarAnywhereTGY2021,01/02/2000 01:00,0,O,O,,,
01/01/2000 21:00,0,0,2,,,,,,,,,AN,,SolarAnywhereTGY2021,01/02/2000 02:00,0,O,O,,,
01/01/2000 22:00,0,0,0,,,,,,,,,AN,,SolarAnywhereTGY2021,01/02/2000 03:00,0,O,O,,,
01/01/2000 23:00,0,0,0,,,,,,,,,AN,,SolarAnywhereTGY2021,01/02/2000 04:00,0,O,O,,,
01/02/2000 00:00,0,0,0,,,,,,,,,AN,,SolarAnywhereTGY2021,01/02/2000 05:00,0,O,O,,,
01/02/2000 01:00,0,0,0,,,,,,,,,AN,,SolarAnywhereTGY2021,01/02/2000 06:00,0,O,O,,,
01/02/2000 02:00,0,0,0,,,,,,,,,AN,,SolarAnywhereTGY2021,01/02/2000 07:00,0,O,O,,,
01/02/2000 03:00,0,0,0,,,,,,,,,AN,,SolarAnywhereTGY2021,01/02/2000 08:00,0,O,O,,,
01/02/2000 04:00,0,0,-1,,,,,,,,,AN,,SolarAnywhereTGY2021,01/02/2000 09:00,0,O,O,,,
01/02/2000 05:00,0,0,0,,,,,,,,,AN,,SolarAnywhereTGY2021,01/02/2000 10:00,0,O,O,,,
01/02/2000 06:00,0,0,0,,,,,,,,,AN,,SolarAnywhereTGY2021,01/02/2000 11:00,0,O,O,,,
01/02/2000 07:00,0,0,0,,,,,,,,,AN,,SolarAnywhereTGY2021,01/02/2000 12:00,0,O,O,,,
01/02/2000 08:00,2,0,0,,,,,,,,,AD,,SolarAnywhereTGY2021,01/02/2000 13:00,2,O,O,,,
01/02/2000 09:00,48,23,0,,,,,,,,,AD,,SolarAnywhereTGY2021,01/02/2000 14:00,45,O,O,,,
01/02/2000 10:00,105,29,1,,,,,,,,,AD,,SolarAnywhereTGY2021,01/02/2000 15:00,98,O,O,,,
01/02/2000 11:00,161,53,2,,,,,,,,,AD,,SolarAnywhereTGY2021,01/02/2000 16:00,143,O,O,,,
01/02/2000 12:00,135,5,2,,,,,,,,,AD,,SolarAnywhereTGY2021,01/02/2000 17:00,133,O,O,,,
01/02/2000 13:00,108,0,4,,,,,,,,,AD,,SolarAnywhereTGY2021,01/02/2000 18:00,108,O,O,,,
01/02/2000 14:00,72,0,3,,,,,,,,,AD,,SolarAnywhereTGY2021,01/02/2000 19:00,72,O,O,,,
01/02/2000 15:00,58,0,3,,,,,,,,,AD,,SolarAnywhereTGY2021,01/02/2000 20:00,58,O,O,,,
01/02/2000 16:00,33,3,3,,,,,,,,,AD,,SolarAnywhereTGY2021,01/02/2000 21:00,33,O,O,,,
01/02/2000 17:00,2,0,3,,,,,,,,,AD,,SolarAnywhereTGY2021,01/02/2000 22:00,2,O,O,,,
01/02/2000 18:00,0,0,4,,,,,,,,,AN,,SolarAnywhereTGY2021,01/02/2000 23:00,0,O,O,,,
01/02/2000 19:00,0,0,4,,,,,,,,,AN,,SolarAnywhereTGY2021,01/03/2000 00:00,0,O,O,,,
01/02/2000 20:00,0,0,4,,,,,,,,,AN,,SolarAnywhereTGY2021,01/03/2000 01:00,0,O,O,,,
01/02/2000 21:00,0,0,4,,,,,,,,,AN,,SolarAnywhereTGY2021,01/03/2000 02:00,0,O,O,,,
01/02/2000 22:00,0,0,5,,,,,,,,,AN,,SolarAnywhereTGY2021,01/03/2000 03:00,0,O,O,,,
01/02/2000 23:00,0,0,5,,,,,,,,,AN,,SolarAnywhereTGY2021,01/03/2000 04:00,0,O,O,,,
01/03/2000 00:00,0,0,5,,,,,,,,,AN,,SolarAnywhereTGY2021,01/03/2000 05:00,0,O,O,,,
01/03/2000 01:00,0,0,7,,,,,,,,,AN,,SolarAnywhereTGY2021,01/03/2000 06:00,0,O,O,,,
01/03/2000 02:00,0,0,7,,,,,,,,,AN,,SolarAnywhereTGY2021,01/03/2000 07:00,0,O,O,,,
01/03/2000 03:00,0,0,6,,,,,,,,,AN,,SolarAnywhereTGY2021,01/03/2000 08:00,0,O,O,,,
01/03/2000 04:00,0,0,7,,,,,,,,,AN,,SolarAnywhereTGY2021,01/03/2000 09:00,0,O,O,,,
01/03/2000 05:00,0,0,7,,,,,,,,,AN,,SolarAnywhereTGY2021,01/03/2000 10:00,0,O,O,,,
01/03/2000 06:00,0,0,6,,,,,,,,,AN,,SolarAnywhereTGY2021,01/03/2000 11:00,0,O,O,,,
01/03/2000 07:00,0,0,7,,,,,,,,,AN,,SolarAnywhereTGY2021,01/03/2000 12:00,0,O,O,,,
01/03/2000 08:00,4,0,7,,,,,,,,,AD,,SolarAnywhereTGY2021,01/03/2000 13:00,4,O,O,,,
01/03/2000 09:00,47,7,8,,,,,,,,,AD,,SolarAnywhereTGY2021,01/03/2000 14:00,46,O,O,,,
01/03/2000 10:00,124,86,5,,,,,,,,,AD,,SolarAnywhereTGY2021,01/03/2000 15:00,102,O,O,,,
01/03/2000 11:00,99,6,4,,,,,,,,,AD,,SolarAnywhereTGY2021,01/03/2000 16:00,97,O,O,,,
01/03/2000 12:00,116,0,3,,,,,,,,,AD,,SolarAnywhereTGY2021,01/03/2000 17:00,116,O,O,,,
01/03/2000 13:00,130,1,2,,,,,,,,,AD,,SolarAnywhereTGY2021,01/03/2000 18:00,130,O,O,,,
01/03/2000 14:00,165,96,2,,,,,,,,,AD,,SolarAnywhereTGY2021,01/03/2000 19:00,133,O,O,,,
01/03/2000 15:00,110,47,2,,,,,,,,,AD,,SolarAnywhereTGY2021,01/03/2000 20:00,98,O,O,,,
01/03/2000 16:00,36,5,1,,,,,,,,,AD,,SolarAnywhereTGY2021,01/03/2000 21:00,35,O,O,,,
01/03/2000 17:00,1,0,1,,,,,,,,,AD,,SolarAnywhereTGY2021,01/03/2000 22:00,1,O,O,,,
01/03/2000 18:00,0,0,-1,,,,,,,,,AN,,SolarAnywhereTGY2021,01/03/2000 23:00,0,O,O,,,
01/03/2000 19:00,0,0,-1,,,,,,,,,AN,,SolarAnywhereTGY2021,01/04/2000 00:00,0,O,O,,,
01/03/2000 20:00,0,0,-1,,,,,,,,,AN,,SolarAnywhereTGY2021,01/04/2000 01:00,0,O,O,,,
01/03/2000 21:00,0,0,-1,,,,,,,,,AN,,SolarAnywhereTGY2021,01/04/2000 02:00,0,O,O,,,
01/03/2000 22:00,0,0,-1,,,,,,,,,AN,,SolarAnywhereTGY2021,01/04/2000 03:00,0,O,O,,,
01/03/2000 23:00,0,0,-1,,,,,,,,,AN,,SolarAnywhereTGY2021,01/04/2000 04:00,0,O,O,,,
01/04/2000 00:00,0,0,-1,,,,,,,,,AN,,SolarAnywhereTGY2021,01/04/2000 05:00,0,O,O,,,
